Year,S104
350000,0.0261514392491888
750000,0.0041103667435645
1250000,0.0009280235074249
1750000,0.0003851269695915
3500009,0.0005459370501142
7500000,0.0001320008827116
